{
  "b0": 0.019307232752833588,
  "b1": 0.0656233429153529,
  "a0": 0.11045692978085173,
  "a1": 0.12470564450438948,
  "gamma": 1.0246977746037382,
  "S0": 10.0,
  "T": 0.11904761904761904,
  "N": 30,
  "M": 100000
}