{
  "b0": 41.85224384738817,
  "b1": -3.7657702527179233,
  "a0": 0.5247584480969488,
  "a1": 0.046182936501302,
  "gamma": 1.0,
  "S0": 10.0,
  "T": 0.11904761904761904,
  "N": 30,
  "M": 100000
}